{"cameraMode":{"drawMode":0,"name":"Shaded","section":"Shading Mode"},"sceneLighting":false,"audioPlay":false,"sceneViewState":{"m_AlwaysRefresh":false,"showFog":true,"showSkybox":false,"showFlares":true,"showImageEffects":true,"showParticleSystems":true,"showVisualEffectGraphs":true,"m_FxEnabled":true},"in2DMode":false,"pivot":{"x":-15.048221588134766,"y":14.63089370727539,"z":-121.19527435302735},"rotation":{"x":-0.09615933895111084,"y":-0.005377998575568199,"z":0.000519768160302192,"w":-0.9953530430793762},"size":174.10350036621095,"orthographic":false}